order_id,customer_id,product_id,order_date,quantity,discount_pct,payment_method,rating,returned,product_name,category,price,name,city,city_tier,signup_date,acquisition_source,order_value,is_outlier,month
O0001,C012,P04,2026-03-18,2,10.0,UPI,2.0,0,Anti-Hairfall Serum,Haircare,649,Priya,Bangalore,1,27-01-2026,Referral,1168.2,False,2026-03
O0002,C024,P06,2026-05-16,1,30.0,UPI,1.0,0,Vitamin C Face Wash,Skincare,249,Riya,Lucknow,2,04-03-2026,Referral,174.29999999999998,False,2026-05
O0003,C008,P12,2026-03-20,2,0.0,COD,1.0,1,Baby Shampoo,Babycare,249,Meera,Lucknow,2,18-04-2026,Ad,498.0,False,2026-03
O0004,C032,P03,2026-05-17,3,30.0,UPI,5.0,0,Argan Hair Mask,Haircare,599,Naina,Bangalore,1,05-02-2026,Ad,1257.8999999999999,False,2026-05
O0005,C011,P09,2026-06-05,1,10.0,CARD,3.0,0,Ubtan Face Mask,Skincare,299,Arjun,Bangalore,1,13-03-2026,Referral,269.1,False,2026-06
O0006,C026,P12,2026-05-13,1,0.0,CARD,3.0,0,Baby Shampoo,Babycare,249,Isha,Lucknow,2,26-02-2026,Organic,249.0,False,2026-05
O0007,C002,P08,2026-01-02,1,10.0,COD,1.0,0,Tea Tree Face Wash,Skincare,229,Vivaan,Delhi,1,27-02-2026,Referral,206.1,False,2026-01
O0008,C003,P11,2026-03-02,1,10.0,COD,3.0,0,Milky Soft Baby Lotion,Babycare,299,Aditi,Mumbai,1,23-06-2026,Organic,269.1,False,2026-03
O0009,C037,P16,2026-05-02,1,0.0,UPI,4.0,0,Aloe Vera Gel,PersonalCare,199,Rudra,Mumbai,1,29-01-2026,Referral,199.0,False,2026-05
O0010,C023,P14,2026-01-14,1,0.0,CARD,1.0,0,Charcoal Deodorant,PersonalCare,199,Nikhil,Mumbai,1,05-06-2026,Organic,199.0,False,2026-01
O0011,C026,P11,2026-01-28,25,0.0,COD,2.0,1,Milky Soft Baby Lotion,Babycare,299,Isha,Lucknow,2,26-02-2026,Organic,7475.0,True,2026-01
O0012,C028,P06,2026-03-05,1,0.0,UPI,1.0,1,Vitamin C Face Wash,Skincare,249,Shreya,Bangalore,1,13-04-2026,Ad,249.0,False,2026-03
O0013,C042,P01,2026-03-02,3,0.0,COD,4.0,0,Onion Hair Oil,Haircare,349,Sanya,Mumbai,1,24-06-2026,Social,1047.0,False,2026-03
O0014,C004,P06,2026-04-10,1,30.0,COD,3.0,0,Vitamin C Face Wash,Skincare,249,Ananya,Lucknow,2,23-01-2026,Organic,174.29999999999998,False,2026-04
O0015,C028,P16,2026-03-17,1,0.0,COD,3.0,1,Aloe Vera Gel,PersonalCare,199,Shreya,Bangalore,1,13-04-2026,Ad,199.0,False,2026-03
O0016,C004,P02,2026-05-09,1,0.0,UPI,5.0,0,Onion Shampoo,Haircare,399,Ananya,Lucknow,2,23-01-2026,Organic,399.0,False,2026-05
O0017,C006,P06,2026-01-18,1,0.0,CARD,5.0,0,Vitamin C Face Wash,Skincare,249,Diya,Delhi,1,10-05-2026,Organic,249.0,False,2026-01
O0018,C016,P02,2026-04-18,2,20.0,CARD,3.0,0,Onion Shampoo,Haircare,399,Pooja,Jaipur,2,21-01-2026,Organic,638.4000000000001,False,2026-04
O0019,C014,P11,2026-04-12,1,30.0,COD,3.0,0,Milky Soft Baby Lotion,Babycare,299,Neha,Lucknow,2,09-03-2026,Social,209.29999999999998,False,2026-04
O0020,C005,P01,2026-05-25,1,10.0,UPI,5.0,1,Onion Hair Oil,Haircare,349,Ishaan,Mumbai,1,08-01-2026,Referral,314.1,False,2026-05
O0021,C017,P05,2026-01-18,3,10.0,UPI,3.0,0,Rice Water Conditioner,Haircare,349,Rahul,Lucknow,2,03-04-2026,Organic,942.3000000000001,False,2026-01
O0022,C035,P10,2026-06-17,2,20.0,CARD,1.0,0,Rice Sunscreen SPF50,Skincare,449,Krishna,Jaipur,2,03-04-2026,Ad,718.4000000000001,False,2026-06
O0023,C009,P09,2026-01-28,1,20.0,CARD,5.0,0,Ubtan Face Mask,Skincare,299,Rohan,Lucknow,2,13-03-2026,Social,239.20000000000002,False,2026-01
O0024,C014,P11,2026-06-12,1,20.0,UPI,1.0,0,Milky Soft Baby Lotion,Babycare,299,Neha,Lucknow,2,09-03-2026,Social,239.20000000000002,False,2026-06
O0025,C006,P14,2026-01-12,2,20.0,COD,2.0,0,Charcoal Deodorant,PersonalCare,199,Diya,Delhi,1,10-05-2026,Organic,318.40000000000003,False,2026-01
O0026,C029,P14,2026-01-29,1,10.0,COD,5.0,0,Charcoal Deodorant,PersonalCare,199,Tanish,Delhi,1,26-05-2026,Social,179.1,False,2026-01
O0027,C003,P12,2026-02-07,1,20.0,CARD,1.0,1,Baby Shampoo,Babycare,249,Aditi,Mumbai,1,23-06-2026,Organic,199.20000000000002,False,2026-02
O0028,C023,P07,2026-06-20,2,30.0,COD,5.0,0,Vitamin C Serum,Skincare,699,Nikhil,Mumbai,1,05-06-2026,Organic,978.5999999999999,False,2026-06
O0029,C010,P08,2026-02-15,2,20.0,UPI,4.0,1,Tea Tree Face Wash,Skincare,229,Sara,Mumbai,1,10-02-2026,Organic,366.40000000000003,False,2026-02
O0030,C043,P08,2026-06-29,1,0.0,COD,2.0,0,Tea Tree Face Wash,Skincare,229,Reyansh,Bangalore,1,14-06-2026,Ad,229.0,False,2026-06
O0031,C013,P15,2026-02-28,1,30.0,COD,3.0,0,Tea Tree Body Wash,PersonalCare,349,Karan,Mumbai,1,02-04-2026,Social,244.29999999999998,False,2026-02
O0032,C018,P03,2026-03-13,3,0.0,CARD,1.0,0,Argan Hair Mask,Haircare,599,Simran,Mumbai,1,12-01-2026,Organic,1797.0,False,2026-03
O0033,C008,P09,2026-03-09,1,20.0,COD,3.0,0,Ubtan Face Mask,Skincare,299,Meera,Lucknow,2,18-04-2026,Ad,239.20000000000002,False,2026-03
O0034,C028,P04,2026-05-28,1,30.0,COD,1.0,1,Anti-Hairfall Serum,Haircare,649,Shreya,Bangalore,1,13-04-2026,Ad,454.29999999999995,False,2026-05
O0035,C034,P07,2026-01-18,1,20.0,UPI,1.0,0,Vitamin C Serum,Skincare,699,Zara,Lucknow,2,20-04-2026,Social,559.2,False,2026-01
O0036,C020,P10,2026-03-25,2,0.0,CARD,2.0,0,Rice Sunscreen SPF50,Skincare,449,Tara,Mumbai,1,08-04-2026,Ad,898.0,False,2026-03
O0037,C027,P13,2026-02-14,2,0.0,CARD,3.0,0,Baby Massage Oil,Babycare,279,Manav,Mumbai,1,28-02-2026,Social,558.0,False,2026-02
O0038,C019,P07,2026-05-29,1,30.0,CARD,4.0,0,Vitamin C Serum,Skincare,699,Dev,Bangalore,1,21-01-2026,Social,489.29999999999995,False,2026-05
O0039,C044,P07,2026-02-13,1,20.0,CARD,1.0,0,Vitamin C Serum,Skincare,699,Aria,Bangalore,1,22-04-2026,Referral,559.2,False,2026-02
O0040,C016,P10,2026-02-20,1,30.0,COD,5.0,1,Rice Sunscreen SPF50,Skincare,449,Pooja,Jaipur,2,21-01-2026,Organic,314.29999999999995,False,2026-02
O0041,C005,P15,2026-06-11,1,30.0,CARD,4.0,0,Tea Tree Body Wash,PersonalCare,349,Ishaan,Mumbai,1,08-01-2026,Referral,244.29999999999998,False,2026-06
O0042,C026,P08,2026-06-26,1,0.0,COD,4.0,0,Tea Tree Face Wash,Skincare,229,Isha,Lucknow,2,26-02-2026,Organic,229.0,False,2026-06
O0043,C015,P06,2026-06-28,2,10.0,CARD,1.0,1,Vitamin C Face Wash,Skincare,249,Yash,Jaipur,2,18-05-2026,Referral,448.2,False,2026-06
O0044,C030,P05,2026-06-20,2,20.0,CARD,4.0,0,Rice Water Conditioner,Haircare,349,Anika,Bangalore,1,24-02-2026,Organic,558.4,False,2026-06
O0045,C040,P14,2026-05-21,2,30.0,CARD,4.0,0,Charcoal Deodorant,PersonalCare,199,Vanya,Jaipur,2,16-05-2026,Ad,278.59999999999997,False,2026-05
O0046,C017,P08,2026-03-12,2,10.0,UPI,3.0,0,Tea Tree Face Wash,Skincare,229,Rahul,Lucknow,2,03-04-2026,Organic,412.2,False,2026-03
O0047,C029,P03,2026-03-02,2,0.0,COD,2.0,1,Argan Hair Mask,Haircare,599,Tanish,Delhi,1,26-05-2026,Social,1198.0,False,2026-03
O0048,C010,P08,2026-02-09,1,30.0,CARD,3.0,1,Tea Tree Face Wash,Skincare,229,Sara,Mumbai,1,10-02-2026,Organic,160.29999999999998,False,2026-02
O0049,C035,P15,2026-02-22,1,0.0,UPI,5.0,0,Tea Tree Body Wash,PersonalCare,349,Krishna,Jaipur,2,03-04-2026,Ad,349.0,False,2026-02
O0050,C025,P16,2026-04-01,1,30.0,COD,5.0,1,Aloe Vera Gel,PersonalCare,199,Varun,Jaipur,2,11-03-2026,Social,139.29999999999998,False,2026-04
O0051,C035,P08,2026-03-11,1,20.0,CARD,4.0,1,Tea Tree Face Wash,Skincare,229,Krishna,Jaipur,2,03-04-2026,Ad,183.20000000000002,False,2026-03
O0052,C011,P15,2026-06-09,3,0.0,CARD,1.0,0,Tea Tree Body Wash,PersonalCare,349,Arjun,Bangalore,1,13-03-2026,Referral,1047.0,False,2026-06
O0053,C042,P14,2026-04-29,1,20.0,COD,3.0,1,Charcoal Deodorant,PersonalCare,199,Sanya,Mumbai,1,24-06-2026,Social,159.20000000000002,False,2026-04
O0054,C030,P11,2026-04-08,1,30.0,COD,3.0,0,Milky Soft Baby Lotion,Babycare,299,Anika,Bangalore,1,24-02-2026,Organic,209.29999999999998,False,2026-04
O0055,C006,P16,2026-05-19,1,10.0,COD,1.0,0,Aloe Vera Gel,PersonalCare,199,Diya,Delhi,1,10-05-2026,Organic,179.1,False,2026-05
O0056,C042,P02,2026-03-05,2,10.0,COD,2.0,1,Onion Shampoo,Haircare,399,Sanya,Mumbai,1,24-06-2026,Social,718.2,False,2026-03
O0057,C009,P16,2026-05-25,2,20.0,UPI,3.0,0,Aloe Vera Gel,PersonalCare,199,Rohan,Lucknow,2,13-03-2026,Social,318.40000000000003,False,2026-05
O0058,C011,P04,2026-02-11,2,0.0,UPI,3.0,0,Anti-Hairfall Serum,Haircare,649,Arjun,Bangalore,1,13-03-2026,Referral,1298.0,False,2026-02
O0059,C037,P13,2026-02-20,1,10.0,COD,1.0,0,Baby Massage Oil,Babycare,279,Rudra,Mumbai,1,29-01-2026,Referral,251.1,False,2026-02
O0060,C020,P04,2026-05-25,2,30.0,UPI,3.0,0,Anti-Hairfall Serum,Haircare,649,Tara,Mumbai,1,08-04-2026,Ad,908.5999999999999,False,2026-05
O0061,C005,P11,2026-04-18,1,20.0,UPI,4.0,0,Milky Soft Baby Lotion,Babycare,299,Ishaan,Mumbai,1,08-01-2026,Referral,239.20000000000002,False,2026-04
O0062,C010,P14,2026-05-14,1,30.0,UPI,4.0,0,Charcoal Deodorant,PersonalCare,199,Sara,Mumbai,1,10-02-2026,Organic,139.29999999999998,False,2026-05
O0063,C028,P09,2026-03-04,1,30.0,UPI,2.0,1,Ubtan Face Mask,Skincare,299,Shreya,Bangalore,1,13-04-2026,Ad,209.29999999999998,False,2026-03
O0064,C030,P13,2026-05-07,1,10.0,UPI,3.0,0,Baby Massage Oil,Babycare,279,Anika,Bangalore,1,24-02-2026,Organic,251.1,False,2026-05
O0065,C017,P11,2026-06-02,1,0.0,CARD,5.0,0,Milky Soft Baby Lotion,Babycare,299,Rahul,Lucknow,2,03-04-2026,Organic,299.0,False,2026-06
O0066,C013,P03,2026-04-15,1,30.0,CARD,4.0,0,Argan Hair Mask,Haircare,599,Karan,Mumbai,1,02-04-2026,Social,419.29999999999995,False,2026-04
O0067,C029,P01,2026-02-26,1,20.0,CARD,4.0,0,Onion Hair Oil,Haircare,349,Tanish,Delhi,1,26-05-2026,Social,279.2,False,2026-02
O0068,C036,P12,2026-05-21,1,20.0,CARD,3.0,0,Baby Shampoo,Babycare,249,Aisha,Delhi,1,11-05-2026,Ad,199.20000000000002,False,2026-05
O0069,C017,P08,2026-02-19,1,10.0,CARD,2.0,0,Tea Tree Face Wash,Skincare,229,Rahul,Lucknow,2,03-04-2026,Organic,206.1,False,2026-02
O0070,C014,P16,2026-05-31,1,20.0,UPI,1.0,0,Aloe Vera Gel,PersonalCare,199,Neha,Lucknow,2,09-03-2026,Social,159.20000000000002,False,2026-05
O0071,C013,P10,2026-02-15,1,10.0,CARD,3.0,0,Rice Sunscreen SPF50,Skincare,449,Karan,Mumbai,1,02-04-2026,Social,404.1,False,2026-02
O0072,C003,P02,2026-06-28,1,30.0,UPI,1.0,0,Onion Shampoo,Haircare,399,Aditi,Mumbai,1,23-06-2026,Organic,279.29999999999995,False,2026-06
O0073,C001,P10,2026-04-23,1,20.0,CARD,3.0,0,Rice Sunscreen SPF50,Skincare,449,Aarav,Mumbai,1,07-01-2026,Organic,359.20000000000005,False,2026-04
O0074,C008,P03,2026-01-19,1,10.0,CARD,2.0,0,Argan Hair Mask,Haircare,599,Meera,Lucknow,2,18-04-2026,Ad,539.1,False,2026-01
O0075,C037,P10,2026-03-05,1,10.0,COD,5.0,0,Rice Sunscreen SPF50,Skincare,449,Rudra,Mumbai,1,29-01-2026,Referral,404.1,False,2026-03
O0076,C025,P15,2026-03-18,3,20.0,UPI,5.0,0,Tea Tree Body Wash,PersonalCare,349,Varun,Jaipur,2,11-03-2026,Social,837.6,False,2026-03
O0077,C040,P02,2026-01-26,2,10.0,UPI,3.0,0,Onion Shampoo,Haircare,399,Vanya,Jaipur,2,16-05-2026,Ad,718.2,False,2026-01
O0078,C043,P03,2026-02-14,1,30.0,CARD,4.0,0,Argan Hair Mask,Haircare,599,Reyansh,Bangalore,1,14-06-2026,Ad,419.29999999999995,False,2026-02
O0079,C039,P16,2026-03-01,1,30.0,COD,3.0,1,Aloe Vera Gel,PersonalCare,199,Om,Mumbai,1,09-04-2026,Ad,139.29999999999998,False,2026-03
O0080,C044,P08,2026-06-10,3,0.0,CARD,4.0,0,Tea Tree Face Wash,Skincare,229,Aria,Bangalore,1,22-04-2026,Referral,687.0,False,2026-06
O0081,C008,P08,2026-03-10,2,10.0,UPI,3.0,1,Tea Tree Face Wash,Skincare,229,Meera,Lucknow,2,18-04-2026,Ad,412.2,False,2026-03
O0082,C039,P10,2026-04-30,1,0.0,CARD,5.0,0,Rice Sunscreen SPF50,Skincare,449,Om,Mumbai,1,09-04-2026,Ad,449.0,False,2026-04
O0083,C035,P16,2026-06-03,1,20.0,COD,5.0,0,Aloe Vera Gel,PersonalCare,199,Krishna,Jaipur,2,03-04-2026,Ad,159.20000000000002,False,2026-06
O0084,C017,P01,2026-06-22,1,0.0,UPI,3.0,0,Onion Hair Oil,Haircare,349,Rahul,Lucknow,2,03-04-2026,Organic,349.0,False,2026-06
O0085,C037,P02,2026-02-14,2,0.0,CARD,2.0,0,Onion Shampoo,Haircare,399,Rudra,Mumbai,1,29-01-2026,Referral,798.0,False,2026-02
O0086,C038,P14,2026-05-06,2,30.0,UPI,3.0,0,Charcoal Deodorant,PersonalCare,199,Myra,Delhi,1,24-06-2026,Ad,278.59999999999997,False,2026-05
O0087,C021,P04,2026-03-26,2,30.0,CARD,5.0,0,Anti-Hairfall Serum,Haircare,649,Aryan,Bangalore,1,11-02-2026,Ad,908.5999999999999,False,2026-03
O0088,C003,P15,2026-03-06,1,30.0,CARD,3.0,0,Tea Tree Body Wash,PersonalCare,349,Aditi,Mumbai,1,23-06-2026,Organic,244.29999999999998,False,2026-03
O0089,C001,P15,2026-02-18,1,30.0,CARD,4.0,0,Tea Tree Body Wash,PersonalCare,349,Aarav,Mumbai,1,07-01-2026,Organic,244.29999999999998,False,2026-02
O0090,C004,P07,2026-02-03,1,30.0,UPI,1.0,0,Vitamin C Serum,Skincare,699,Ananya,Lucknow,2,23-01-2026,Organic,489.29999999999995,False,2026-02
O0091,C002,P08,2026-03-21,2,0.0,CARD,2.0,0,Tea Tree Face Wash,Skincare,229,Vivaan,Delhi,1,27-02-2026,Referral,458.0,False,2026-03
O0092,C008,P15,2026-06-15,3,20.0,UPI,5.0,0,Tea Tree Body Wash,PersonalCare,349,Meera,Lucknow,2,18-04-2026,Ad,837.6,False,2026-06
O0093,C018,P14,2026-05-01,2,30.0,COD,2.0,0,Charcoal Deodorant,PersonalCare,199,Simran,Mumbai,1,12-01-2026,Organic,278.59999999999997,False,2026-05
O0094,C039,P05,2026-03-12,2,20.0,UPI,5.0,0,Rice Water Conditioner,Haircare,349,Om,Mumbai,1,09-04-2026,Ad,558.4,False,2026-03
O0095,C018,P01,2026-03-18,1,30.0,UPI,3.0,0,Onion Hair Oil,Haircare,349,Simran,Mumbai,1,12-01-2026,Organic,244.29999999999998,False,2026-03
O0096,C029,P16,2026-05-22,1,20.0,UPI,2.0,0,Aloe Vera Gel,PersonalCare,199,Tanish,Delhi,1,26-05-2026,Social,159.20000000000002,False,2026-05
O0097,C016,P13,2026-04-16,1,30.0,COD,4.0,0,Baby Massage Oil,Babycare,279,Pooja,Jaipur,2,21-01-2026,Organic,195.29999999999998,False,2026-04
O0098,C043,P05,2026-01-10,30,0.0,COD,1.0,0,Rice Water Conditioner,Haircare,349,Reyansh,Bangalore,1,14-06-2026,Ad,10470.0,True,2026-01
O0099,C029,P04,2026-04-27,1,10.0,COD,1.0,1,Anti-Hairfall Serum,Haircare,649,Tanish,Delhi,1,26-05-2026,Social,584.1,False,2026-04
O0100,C031,P09,2026-06-27,1,20.0,CARD,5.0,1,Ubtan Face Mask,Skincare,299,Aditya,Jaipur,2,14-06-2026,Ad,239.20000000000002,False,2026-06
O0101,C025,P11,2026-05-05,2,0.0,UPI,2.0,1,Milky Soft Baby Lotion,Babycare,299,Varun,Jaipur,2,11-03-2026,Social,598.0,False,2026-05
O0102,C041,P10,2026-01-24,3,0.0,CARD,4.0,1,Rice Sunscreen SPF50,Skincare,449,Ayaan,Lucknow,2,03-01-2026,Organic,1347.0,False,2026-01
O0103,C011,P10,2026-01-12,3,20.0,CARD,3.0,1,Rice Sunscreen SPF50,Skincare,449,Arjun,Bangalore,1,13-03-2026,Referral,1077.6000000000001,False,2026-01
O0104,C028,P05,2026-04-16,1,10.0,CARD,2.0,0,Rice Water Conditioner,Haircare,349,Shreya,Bangalore,1,13-04-2026,Ad,314.1,False,2026-04
O0105,C006,P13,2026-03-03,2,10.0,CARD,4.0,0,Baby Massage Oil,Babycare,279,Diya,Delhi,1,10-05-2026,Organic,502.2,False,2026-03
O0106,C041,P09,2026-06-20,1,20.0,COD,5.0,0,Ubtan Face Mask,Skincare,299,Ayaan,Lucknow,2,03-01-2026,Organic,239.20000000000002,False,2026-06
O0107,C011,P03,2026-03-30,1,30.0,UPI,3.0,0,Argan Hair Mask,Haircare,599,Arjun,Bangalore,1,13-03-2026,Referral,419.29999999999995,False,2026-03
O0108,C030,P10,2026-04-09,1,30.0,UPI,5.0,0,Rice Sunscreen SPF50,Skincare,449,Anika,Bangalore,1,24-02-2026,Organic,314.29999999999995,False,2026-04
O0109,C023,P10,2026-03-17,3,30.0,COD,3.0,0,Rice Sunscreen SPF50,Skincare,449,Nikhil,Mumbai,1,05-06-2026,Organic,942.9,False,2026-03
O0110,C001,P02,2026-05-08,3,10.0,UPI,5.0,0,Onion Shampoo,Haircare,399,Aarav,Mumbai,1,07-01-2026,Organic,1077.3,False,2026-05
O0111,C023,P08,2026-06-08,2,10.0,COD,1.0,0,Tea Tree Face Wash,Skincare,229,Nikhil,Mumbai,1,05-06-2026,Organic,412.2,False,2026-06
O0112,C041,P02,2026-04-23,1,10.0,COD,1.0,1,Onion Shampoo,Haircare,399,Ayaan,Lucknow,2,03-01-2026,Organic,359.1,False,2026-04
O0113,C019,P11,2026-02-14,2,20.0,COD,5.0,0,Milky Soft Baby Lotion,Babycare,299,Dev,Bangalore,1,21-01-2026,Social,478.40000000000003,False,2026-02
O0114,C033,P09,2026-03-07,2,20.0,UPI,3.0,0,Ubtan Face Mask,Skincare,299,Siddharth,Lucknow,2,18-05-2026,Ad,478.40000000000003,False,2026-03
O0115,C008,P15,2026-02-06,3,30.0,UPI,5.0,0,Tea Tree Body Wash,PersonalCare,349,Meera,Lucknow,2,18-04-2026,Ad,732.9,False,2026-02
O0116,C024,P03,2026-01-04,2,20.0,COD,3.0,1,Argan Hair Mask,Haircare,599,Riya,Lucknow,2,04-03-2026,Referral,958.4000000000001,False,2026-01
O0117,C038,P13,2026-04-06,2,0.0,COD,5.0,1,Baby Massage Oil,Babycare,279,Myra,Delhi,1,24-06-2026,Ad,558.0,False,2026-04
O0118,C036,P11,2026-02-26,3,30.0,CARD,3.0,0,Milky Soft Baby Lotion,Babycare,299,Aisha,Delhi,1,11-05-2026,Ad,627.9,False,2026-02
O0119,C042,P14,2026-01-12,1,30.0,UPI,1.0,0,Charcoal Deodorant,PersonalCare,199,Sanya,Mumbai,1,24-06-2026,Social,139.29999999999998,False,2026-01
O0120,C007,P08,2026-02-04,2,30.0,CARD,5.0,0,Tea Tree Face Wash,Skincare,229,Kabir,Lucknow,2,20-02-2026,Organic,320.59999999999997,False,2026-02
O0121,C010,P14,2026-05-06,2,20.0,CARD,1.0,0,Charcoal Deodorant,PersonalCare,199,Sara,Mumbai,1,10-02-2026,Organic,318.40000000000003,False,2026-05
O0122,C024,P07,2026-03-02,1,20.0,UPI,5.0,1,Vitamin C Serum,Skincare,699,Riya,Lucknow,2,04-03-2026,Referral,559.2,False,2026-03
O0123,C042,P12,2026-03-12,1,30.0,COD,1.0,1,Baby Shampoo,Babycare,249,Sanya,Mumbai,1,24-06-2026,Social,174.29999999999998,False,2026-03
O0124,C043,P07,2026-06-02,2,20.0,UPI,3.0,1,Vitamin C Serum,Skincare,699,Reyansh,Bangalore,1,14-06-2026,Ad,1118.4,False,2026-06
O0125,C009,P07,2026-05-22,1,10.0,COD,3.0,1,Vitamin C Serum,Skincare,699,Rohan,Lucknow,2,13-03-2026,Social,629.1,False,2026-05
O0126,C010,P01,2026-02-07,1,10.0,UPI,1.0,0,Onion Hair Oil,Haircare,349,Sara,Mumbai,1,10-02-2026,Organic,314.1,False,2026-02
O0127,C043,P01,2026-04-02,1,20.0,UPI,1.0,0,Onion Hair Oil,Haircare,349,Reyansh,Bangalore,1,14-06-2026,Ad,279.2,False,2026-04
O0128,C012,P09,2026-04-18,1,30.0,CARD,4.0,0,Ubtan Face Mask,Skincare,299,Priya,Bangalore,1,27-01-2026,Referral,209.29999999999998,False,2026-04
O0129,C024,P04,2026-02-26,1,20.0,UPI,4.0,1,Anti-Hairfall Serum,Haircare,649,Riya,Lucknow,2,04-03-2026,Referral,519.2,False,2026-02
O0130,C042,P01,2026-05-03,1,0.0,UPI,4.0,0,Onion Hair Oil,Haircare,349,Sanya,Mumbai,1,24-06-2026,Social,349.0,False,2026-05
O0131,C029,P03,2026-03-24,2,20.0,CARD,5.0,1,Argan Hair Mask,Haircare,599,Tanish,Delhi,1,26-05-2026,Social,958.4000000000001,False,2026-03
O0132,C041,P11,2026-06-02,1,30.0,CARD,1.0,0,Milky Soft Baby Lotion,Babycare,299,Ayaan,Lucknow,2,03-01-2026,Organic,209.29999999999998,False,2026-06
O0133,C008,P07,2026-02-28,1,30.0,CARD,4.0,0,Vitamin C Serum,Skincare,699,Meera,Lucknow,2,18-04-2026,Ad,489.29999999999995,False,2026-02
O0134,C007,P11,2026-06-20,1,30.0,COD,3.0,0,Milky Soft Baby Lotion,Babycare,299,Kabir,Lucknow,2,20-02-2026,Organic,209.29999999999998,False,2026-06
O0135,C006,P03,2026-01-25,1,10.0,CARD,5.0,0,Argan Hair Mask,Haircare,599,Diya,Delhi,1,10-05-2026,Organic,539.1,False,2026-01
O0136,C004,P11,2026-04-16,2,30.0,CARD,1.0,0,Milky Soft Baby Lotion,Babycare,299,Ananya,Lucknow,2,23-01-2026,Organic,418.59999999999997,False,2026-04
O0137,C019,P10,2026-05-28,1,30.0,CARD,2.0,0,Rice Sunscreen SPF50,Skincare,449,Dev,Bangalore,1,21-01-2026,Social,314.29999999999995,False,2026-05
O0138,C007,P12,2026-04-05,2,10.0,COD,4.0,1,Baby Shampoo,Babycare,249,Kabir,Lucknow,2,20-02-2026,Organic,448.2,False,2026-04
O0139,C036,P01,2026-06-18,2,10.0,UPI,3.0,0,Onion Hair Oil,Haircare,349,Aisha,Delhi,1,11-05-2026,Ad,628.2,False,2026-06
O0140,C020,P11,2026-02-16,1,30.0,UPI,1.0,0,Milky Soft Baby Lotion,Babycare,299,Tara,Mumbai,1,08-04-2026,Ad,209.29999999999998,False,2026-02
O0141,C010,P01,2026-05-16,1,20.0,COD,2.0,1,Onion Hair Oil,Haircare,349,Sara,Mumbai,1,10-02-2026,Organic,279.2,False,2026-05
O0142,C024,P10,2026-05-26,2,10.0,CARD,2.0,0,Rice Sunscreen SPF50,Skincare,449,Riya,Lucknow,2,04-03-2026,Referral,808.2,False,2026-05
O0143,C040,P02,2026-03-11,2,30.0,CARD,4.0,0,Onion Shampoo,Haircare,399,Vanya,Jaipur,2,16-05-2026,Ad,558.5999999999999,False,2026-03
O0144,C018,P07,2026-01-30,2,30.0,CARD,5.0,0,Vitamin C Serum,Skincare,699,Simran,Mumbai,1,12-01-2026,Organic,978.5999999999999,False,2026-01
O0145,C043,P10,2026-04-12,1,10.0,UPI,3.0,1,Rice Sunscreen SPF50,Skincare,449,Reyansh,Bangalore,1,14-06-2026,Ad,404.1,False,2026-04
O0146,C014,P05,2026-03-16,2,30.0,CARD,2.0,1,Rice Water Conditioner,Haircare,349,Neha,Lucknow,2,09-03-2026,Social,488.59999999999997,False,2026-03
O0147,C009,P13,2026-02-28,1,20.0,CARD,1.0,0,Baby Massage Oil,Babycare,279,Rohan,Lucknow,2,13-03-2026,Social,223.20000000000002,False,2026-02
O0148,C026,P02,2026-04-28,1,30.0,UPI,5.0,0,Onion Shampoo,Haircare,399,Isha,Lucknow,2,26-02-2026,Organic,279.29999999999995,False,2026-04
O0149,C026,P14,2026-04-14,1,30.0,COD,3.0,1,Charcoal Deodorant,PersonalCare,199,Isha,Lucknow,2,26-02-2026,Organic,139.29999999999998,False,2026-04
O0150,C006,P14,2026-03-04,2,0.0,CARD,4.0,0,Charcoal Deodorant,PersonalCare,199,Diya,Delhi,1,10-05-2026,Organic,398.0,False,2026-03
O0151,C020,P11,2026-02-13,1,10.0,COD,3.0,0,Milky Soft Baby Lotion,Babycare,299,Tara,Mumbai,1,08-04-2026,Ad,269.1,False,2026-02
O0152,C023,P05,2026-02-07,1,0.0,COD,1.0,1,Rice Water Conditioner,Haircare,349,Nikhil,Mumbai,1,05-06-2026,Organic,349.0,False,2026-02
O0153,C012,P16,2026-05-25,1,20.0,UPI,3.0,0,Aloe Vera Gel,PersonalCare,199,Priya,Bangalore,1,27-01-2026,Referral,159.20000000000002,False,2026-05
O0154,C010,P15,2026-04-24,1,0.0,CARD,3.0,0,Tea Tree Body Wash,PersonalCare,349,Sara,Mumbai,1,10-02-2026,Organic,349.0,False,2026-04
O0155,C033,P03,2026-04-26,1,20.0,COD,1.0,1,Argan Hair Mask,Haircare,599,Siddharth,Lucknow,2,18-05-2026,Ad,479.20000000000005,False,2026-04
O0156,C042,P03,2026-05-10,2,0.0,CARD,4.0,0,Argan Hair Mask,Haircare,599,Sanya,Mumbai,1,24-06-2026,Social,1198.0,False,2026-05
O0157,C037,P07,2026-05-02,1,30.0,CARD,1.0,0,Vitamin C Serum,Skincare,699,Rudra,Mumbai,1,29-01-2026,Referral,489.29999999999995,False,2026-05
O0158,C022,P03,2026-02-14,1,30.0,COD,5.0,0,Argan Hair Mask,Haircare,599,Kavya,Delhi,1,21-06-2026,Ad,419.29999999999995,False,2026-02
O0159,C034,P06,2026-03-14,1,0.0,CARD,3.0,0,Vitamin C Face Wash,Skincare,249,Zara,Lucknow,2,20-04-2026,Social,249.0,False,2026-03
O0160,C005,P11,2026-06-23,1,10.0,CARD,3.0,0,Milky Soft Baby Lotion,Babycare,299,Ishaan,Mumbai,1,08-01-2026,Referral,269.1,False,2026-06
O0161,C006,P05,2026-03-21,3,30.0,UPI,2.0,0,Rice Water Conditioner,Haircare,349,Diya,Delhi,1,10-05-2026,Organic,732.9,False,2026-03
O0162,C039,P03,2026-04-07,1,10.0,CARD,5.0,0,Argan Hair Mask,Haircare,599,Om,Mumbai,1,09-04-2026,Ad,539.1,False,2026-04
O0163,C006,P14,2026-01-05,1,10.0,CARD,3.0,0,Charcoal Deodorant,PersonalCare,199,Diya,Delhi,1,10-05-2026,Organic,179.1,False,2026-01
O0164,C032,P07,2026-02-05,1,0.0,COD,3.0,1,Vitamin C Serum,Skincare,699,Naina,Bangalore,1,05-02-2026,Ad,699.0,False,2026-02
O0165,C035,P02,2026-06-08,2,10.0,COD,2.0,1,Onion Shampoo,Haircare,399,Krishna,Jaipur,2,03-04-2026,Ad,718.2,False,2026-06
O0166,C040,P06,2026-01-12,2,10.0,CARD,4.0,0,Vitamin C Face Wash,Skincare,249,Vanya,Jaipur,2,16-05-2026,Ad,448.2,False,2026-01
O0167,C040,P10,2026-04-25,2,30.0,COD,2.0,1,Rice Sunscreen SPF50,Skincare,449,Vanya,Jaipur,2,16-05-2026,Ad,628.5999999999999,False,2026-04
O0168,C024,P15,2026-03-14,1,30.0,UPI,3.0,0,Tea Tree Body Wash,PersonalCare,349,Riya,Lucknow,2,04-03-2026,Referral,244.29999999999998,False,2026-03
O0169,C013,P05,2026-01-14,2,0.0,CARD,5.0,0,Rice Water Conditioner,Haircare,349,Karan,Mumbai,1,02-04-2026,Social,698.0,False,2026-01
O0170,C008,P10,2026-02-11,1,10.0,COD,4.0,0,Rice Sunscreen SPF50,Skincare,449,Meera,Lucknow,2,18-04-2026,Ad,404.1,False,2026-02
O0171,C006,P08,2026-03-31,2,30.0,UPI,5.0,0,Tea Tree Face Wash,Skincare,229,Diya,Delhi,1,10-05-2026,Organic,320.59999999999997,False,2026-03
O0172,C024,P08,2026-01-21,1,0.0,CARD,3.0,1,Tea Tree Face Wash,Skincare,229,Riya,Lucknow,2,04-03-2026,Referral,229.0,False,2026-01
O0173,C010,P05,2026-05-01,1,30.0,CARD,4.0,0,Rice Water Conditioner,Haircare,349,Sara,Mumbai,1,10-02-2026,Organic,244.29999999999998,False,2026-05
O0174,C040,P01,2026-01-05,3,30.0,COD,1.0,0,Onion Hair Oil,Haircare,349,Vanya,Jaipur,2,16-05-2026,Ad,732.9,False,2026-01
O0175,C019,P08,2026-01-13,1,30.0,COD,1.0,0,Tea Tree Face Wash,Skincare,229,Dev,Bangalore,1,21-01-2026,Social,160.29999999999998,False,2026-01
